"","Subject","age","gender"
"7576","7576",19,1
"10711","10711",20,1
"10771","10771",20,1
"11200","11200",19,1
"11212","11212",18,1
"11218","11218",18,1
"11221","11221",18,0
"11242","11242",20,0
"11281","11281",18,0
"11299","11299",18,1
"11311","11311",21,1
"11317","11317",18,1
"11335","11335",21,0
"11356","11356",18,0
"11383","11383",20,1
"11395","11395",26,1
"11398","11398",19,1
"11404","11404",20,1
"11410","11410",20,0
"11440","11440",18,1
"11452","11452",18,0
"11476","11476",19,1
"11482","11482",18,0
"11485","11485",18,1
"11506","11506",19,1
"11521","11521",18,1
"11527","11527",18,0
"11533","11533",18,1
"11536","11536",20,1
"11545","11545",21,0
"11548","11548",19,1
"11554","11554",18,1
"11560","11560",24,0
"11566","11566",20,0
"11575","11575",18,1
"11587","11587",18,1
"11593","11593",18,1
"11596","11596",18,1
"11611","11611",18,1
"11614","11614",18,1
"11617","11617",18,1
"11623","11623",18,1
"11644","11644",19,0
"11656","11656",18,1
"11662","11662",18,1
"11671","11671",18,1
"11677","11677",20,0
"11680","11680",19,1
"11683","11683",19,0
"11692","11692",19,0
"11695","11695",19,1
"11698","11698",18,1
"11701","11701",18,1
"11704","11704",18,0
"11707","11707",19,1
"11713","11713",19,1
"11725","11725",18,1
"11728","11728",18,0
"11734","11734",19,1
"11737","11737",19,1
"11749","11749",18,1
"11752","11752",20,1
"11755","11755",18,1
"11770","11770",19,1
"11773","11773",18,1
"11782","11782",18,0
"11794","11794",20,1
"11797","11797",18,1
"11800","11800",18,1
"11827","11827",19,1
"11830","11830",18,1
"11836","11836",18,1
"11839","11839",18,1
"11842","11842",19,1
"11845","11845",18,1
"11848","11848",19,1
"11857","11857",20,1
"11863","11863",18,1
"11866","11866",19,1
"11878","11878",18,0
"11881","11881",18,0
"11887","11887",18,1
"11890","11890",18,1
"11896","11896",18,1
"11908","11908",18,1
"11914","11914",18,1
"11917","11917",18,1
"11920","11920",18,1
"11929","11929",18,1
"11944","11944",18,0
"11974","11974",18,1
"11977","11977",18,1
"11980","11980",18,1
"11992","11992",20,1
"12001","12001",18,1
"12007","12007",18,1
"12010","12010",19,1
"12019","12019",23,1
"12106","12106",18,1
"12124","12124",19,1
"12133","12133",21,0
"12136","12136",19,0
"12145","12145",19,0
"12154","12154",19,1
"12160","12160",18,1
"12163","12163",19,1
"12166","12166",20,1
"12169","12169",18,1
"12178","12178",21,0
"12193","12193",18,1
"12199","12199",19,0
"12202","12202",18,1
"12205","12205",18,0
"12208","12208",19,1
"12217","12217",19,0
"12223","12223",18,1
"12229","12229",18,1
"12238","12238",18,1
"12244","12244",19,0
"12250","12250",18,1
"12253","12253",18,1
"12262","12262",18,0
"12277","12277",18,1
"12289","12289",19,1
"12295","12295",19,1
"12301","12301",19,1
"12307","12307",19,1
"12310","12310",20,1
"12313","12313",19,0
"12325","12325",19,0
"12334","12334",23,0
"12340","12340",19,0
"12346","12346",23,0
"12358","12358",19,1
"12364","12364",18,1
"12367","12367",22,0
"12391","12391",19,0
"12400","12400",19,1
"12421","12421",19,1
"12430","12430",18,1
"12442","12442",18,1
"12457","12457",20,1
"12472","12472",18,1
"12502","12502",24,0
"12517","12517",18,1
"12532","12532",18,1
"12565","12565",19,1
"12613","12613",19,0
"12616","12616",18,1
"12826","12826",18,0
"452533","452533",18,1
